Name,Agent,Usage,Rounds Played,Rating,ACS,K:D,ADR,KAST,KPR,APR,First Kills Per Round,First Deaths Per Round,Kills,Deaths,Assists,First Kills,First Deaths
invy,cypher,(3) 23%,65,1.04,227.0,1.08,158.0,66%,0.83,0.12,0.05,0.11,54,50,8,3,7
invy,breach,(3) 23%,64,1.27,227.0,1.22,142.2,78%,0.86,0.52,0.13,0.05,55,45,33,8,3
invy,vyse,(3) 23%,59,1.50,261.0,1.81,176.9,75%,0.95,0.37,0.05,0.03,56,31,22,3,2
invy,kayo,(2) 15%,45,1.35,253.5,1.26,164.2,80%,0.87,0.53,0.16,0.07,39,31,24,7,3
invy,omen,(2) 15%,38,1.13,216.0,1.10,151.0,66%,0.84,0.21,0.05,0.08,32,29,8,2,3
Jinggg,raze,(7) 37%,130,1.38,268.1,1.54,173.7,76%,0.98,0.20,0.09,0.08,128,83,26,12,10
Jinggg,omen,(6) 32%,127,1.07,187.7,1.05,127.4,76%,0.66,0.43,0.07,0.07,84,80,55,9,9
Jinggg,phoenix,(2) 11%,51,1.17,224.0,1.27,142.6,78%,0.82,0.24,0.16,0.14,42,33,12,8,7
Jinggg,brimstone,(2) 11%,41,1.70,329.0,1.68,212.4,90%,1.15,0.61,0.17,0.02,47,28,25,7,1
Jinggg,tejo,(2) 11%,40,0.98,197.0,0.90,130.0,63%,0.70,0.33,0.05,0.05,28,31,13,2,2
HYUNMIN,jett,(11) 34%,222,1.17,243.3,1.30,157.1,70%,0.91,0.08,0.16,0.12,201,155,17,36,26
HYUNMIN,raze,(9) 28%,204,1.09,239.4,1.17,156.5,73%,0.86,0.11,0.19,0.11,175,149,23,39,23
HYUNMIN,yoru,(9) 28%,193,0.97,218.0,0.96,139.7,73%,0.77,0.23,0.18,0.14,149,155,44,34,27
HYUNMIN,neon,(3) 9%,76,1.01,227.0,1.07,142.6,78%,0.82,0.26,0.21,0.20,62,58,20,16,15
MaKo,omen,(16) 50%,348,1.08,192.5,1.08,126.1,77%,0.67,0.43,0.08,0.09,232,215,151,28,30
MaKo,brimstone,(7) 22%,169,1.10,217.0,1.03,145.2,76%,0.73,0.56,0.08,0.08,123,119,94,13,13
MaKo,viper,(7) 22%,145,1.00,195.6,1.03,126.2,68%,0.68,0.21,0.12,0.14,98,95,31,18,20
MaKo,astra,(2) 6%,33,1.19,191.0,1.22,135.3,79%,0.67,0.61,0.03,0.03,22,18,20,1,1
Foxy9,killjoy,(9) 53%,171,1.04,185.6,1.18,122.8,73%,0.70,0.11,0.12,0.11,119,101,19,20,18
Foxy9,cypher,(3) 18%,71,0.89,171.3,0.88,111.6,77%,0.59,0.35,0.07,0.06,42,48,25,5,4
Foxy9,vyse,(2) 12%,36,1.65,295.5,2.35,200.0,94%,1.11,0.28,0.11,0.03,40,17,10,4,1
Foxy9,gekko,(1) 6%,23,0.82,162.0,0.87,100.7,74%,0.57,0.13,0.04,0.04,13,15,3,1,1
Foxy9,viper,(1) 6%,23,1.23,233.0,1.27,161.3,78%,0.83,0.22,0.04,0.09,19,15,5,1,2
Foxy9,deadlock,(1) 6%,21,1.20,268.0,1.24,151.8,90%,1.00,0.24,0.29,0.00,21,17,5,6,0
Jemkin,yoru,(11) 69%,227,1.23,255.5,1.34,161.1,71%,0.91,0.15,0.25,0.17,206,154,34,56,39
Jemkin,iso,(2) 13%,50,1.03,245.5,1.10,152.6,70%,0.88,0.10,0.22,0.12,44,40,5,11,6
Jemkin,jett,(2) 13%,40,1.40,283.0,1.52,173.6,73%,1.03,0.03,0.28,0.13,41,27,1,11,5
Jemkin,brimstone,(1) 6%,24,0.91,171.0,0.82,126.4,75%,0.58,0.29,0.08,0.04,14,17,7,2,1
dos9,omen,(10) 63%,210,1.25,226.9,1.27,145.8,75%,0.84,0.44,0.10,0.07,177,139,92,20,14
dos9,brimstone,(3) 19%,64,1.29,240.3,1.27,152.7,80%,0.88,0.50,0.13,0.08,56,44,32,8,5
dos9,iso,(1) 6%,26,0.55,115.0,0.47,88.2,62%,0.35,0.31,0.04,0.15,9,19,8,1,4
dos9,astra,(1) 6%,23,0.99,112.0,0.64,77.0,78%,0.30,0.74,0.04,0.00,7,11,17,1,0
dos9,viper,(1) 6%,21,1.31,178.0,1.33,117.0,76%,0.57,0.52,0.00,0.05,12,9,11,0,1
Flashback,cypher,(8) 42%,172,1.03,187.3,1.06,133.3,74%,0.70,0.19,0.09,0.09,120,113,33,16,15
Flashback,vyse,(3) 16%,60,1.02,191.3,1.03,118.5,73%,0.68,0.30,0.10,0.05,41,40,18,6,3
Flashback,yoru,(3) 16%,52,1.20,215.7,1.65,134.4,81%,0.83,0.15,0.21,0.06,43,26,8,11,3
Flashback,viper,(2) 11%,45,1.01,199.0,0.97,134.1,73%,0.71,0.22,0.04,0.07,32,33,10,2,3
Flashback,neon,(2) 11%,45,1.20,259.0,1.31,173.2,78%,0.93,0.20,0.22,0.11,42,32,9,10,5
Flashback,killjoy,(1) 5%,23,0.78,166.0,0.75,106.9,65%,0.52,0.04,0.09,0.00,12,16,1,2,0
primmie,yoru,(7) 35%,133,1.20,243.9,1.31,152.1,74%,0.89,0.13,0.19,0.11,119,91,17,25,15
primmie,jett,(5) 25%,100,0.98,209.6,1.05,139.3,67%,0.77,0.12,0.18,0.20,77,73,12,18,20
primmie,waylay,(5) 25%,98,1.22,236.0,1.39,151.6,69%,0.88,0.09,0.08,0.09,86,62,9,8,9
primmie,iso,(2) 10%,40,0.88,230.0,0.94,158.4,83%,0.73,0.30,0.15,0.08,29,31,12,6,3
primmie,neon,(1) 5%,21,0.97,200.0,1.00,140.8,71%,0.76,0.14,0.14,0.19,16,16,3,3,4
Akame,breach,(8) 42%,152,1.24,227.4,1.24,132.5,82%,0.81,0.57,0.09,0.05,123,99,87,13,8
Akame,raze,(4) 21%,68,1.10,253.8,1.11,153.9,74%,0.88,0.18,0.21,0.21,60,54,12,14,14
Akame,jett,(2) 11%,38,0.85,193.5,0.90,117.9,55%,0.74,0.05,0.24,0.24,28,31,2,9,9
Akame,kayo,(2) 11%,36,0.87,169.5,0.77,118.5,78%,0.56,0.67,0.00,0.06,20,26,24,0,2
Akame,reyna,(1) 5%,23,1.14,292.0,1.33,182.6,78%,1.04,0.17,0.26,0.13,24,18,4,6,3
Akame,tejo,(1) 5%,16,0.93,200.0,0.92,130.2,75%,0.69,0.38,0.13,0.13,11,12,6,2,2
Akame,fade,(1) 5%,15,1.07,206.0,1.50,136.4,73%,0.80,0.47,0.07,0.13,12,8,7,1,2
Karon,omen,(14) 64%,290,1.08,212.4,1.12,135.8,76%,0.74,0.39,0.08,0.07,216,193,113,24,21
Karon,astra,(4) 18%,89,1.27,204.8,1.40,137.8,81%,0.74,0.55,0.06,0.03,66,47,49,5,3
Karon,brimstone,(3) 14%,59,1.29,223.3,1.25,152.6,78%,0.76,0.49,0.03,0.07,45,36,29,2,4
Karon,viper,(1) 5%,19,0.84,166.0,0.92,115.6,79%,0.58,0.21,0.11,0.05,11,12,4,2,1
t3xture,neon,(10) 45%,197,1.19,251.8,1.33,162.4,71%,0.91,0.21,0.14,0.13,180,135,42,27,26
t3xture,raze,(7) 32%,158,1.05,230.4,1.12,148.8,65%,0.82,0.14,0.14,0.23,130,116,22,22,36
t3xture,jett,(3) 14%,61,0.87,227.3,1.00,142.8,70%,0.80,0.11,0.26,0.20,49,49,7,16,12
t3xture,yoru,(2) 9%,41,1.22,268.5,1.34,159.0,76%,0.95,0.24,0.27,0.22,39,29,10,11,9
Munchkin,viper,(11) 50%,228,1.17,218.5,1.24,142.5,77%,0.75,0.33,0.13,0.09,171,138,75,30,20
Munchkin,kayo,(6) 27%,116,1.18,206.0,1.19,140.4,79%,0.72,0.59,0.12,0.09,83,70,69,14,10
Munchkin,breach,(2) 9%,36,0.99,164.0,0.91,107.3,83%,0.58,0.42,0.03,0.03,21,23,15,1,1
Munchkin,tejo,(1) 5%,32,0.97,197.0,1.00,132.1,75%,0.69,0.28,0.09,0.16,22,22,9,3,5
Munchkin,fade,(1) 5%,23,0.60,125.0,0.53,88.7,65%,0.43,0.39,0.04,0.09,10,19,9,1,2
Munchkin,sova,(1) 5%,22,0.66,108.0,0.47,83.2,68%,0.32,0.41,0.00,0.14,7,15,9,0,3
Ash,tejo,(14) 52%,287,1.05,186.0,1.07,124.3,73%,0.65,0.24,0.06,0.05,186,174,70,17,14
Ash,raze,(5) 19%,108,1.44,276.4,1.55,183.3,81%,0.96,0.21,0.17,0.08,104,67,23,18,9
Ash,yoru,(3) 11%,60,0.89,181.7,0.89,119.4,72%,0.67,0.25,0.10,0.13,40,45,15,6,8
Ash,fade,(3) 11%,59,1.12,168.0,1.34,111.6,80%,0.66,0.31,0.02,0.05,39,29,18,1,3
Ash,breach,(1) 4%,26,1.32,221.0,1.62,138.6,81%,0.81,0.50,0.08,0.00,21,13,13,2,0
Ash,sova,(1) 4%,19,1.14,165.0,1.50,115.8,68%,0.63,0.16,0.11,0.00,12,8,3,2,0
margaret,cypher,(6) 38%,120,0.91,179.2,0.90,120.5,59%,0.64,0.17,0.08,0.08,77,86,20,10,9
margaret,killjoy,(5) 31%,113,1.14,220.8,1.18,149.5,71%,0.81,0.14,0.11,0.09,91,77,16,12,10
margaret,viper,(5) 31%,100,1.17,222.6,1.40,137.5,75%,0.80,0.21,0.13,0.11,80,57,21,13,11
Kushy,tejo,(7) 44%,151,1.08,200.0,1.08,143.0,75%,0.70,0.24,0.03,0.06,105,97,36,4,9
Kushy,sova,(5) 31%,104,1.17,212.2,1.20,141.9,77%,0.74,0.25,0.10,0.06,77,64,26,10,6
Kushy,kayo,(3) 19%,63,1.03,205.3,0.98,126.9,73%,0.73,0.43,0.11,0.08,46,47,27,7,5
Kushy,vyse,(1) 6%,23,0.81,216.0,0.95,131.1,70%,0.78,0.17,0.04,0.00,18,19,4,1,0
Kr1stal,sova,(4) 40%,86,1.18,195.8,1.15,133.5,76%,0.72,0.22,0.03,0.07,62,54,19,3,6
Kr1stal,tejo,(4) 40%,72,0.98,176.8,0.88,123.7,65%,0.61,0.21,0.04,0.11,44,50,15,3,8
Kr1stal,fade,(2) 20%,41,1.01,197.5,0.97,119.9,71%,0.78,0.27,0.10,0.12,32,33,11,4,5
NcSlasher,breach,(7) 44%,152,1.04,205.0,0.99,130.0,80%,0.70,0.47,0.01,0.05,106,107,71,2,8
NcSlasher,tejo,(6) 38%,124,1.01,180.7,1.09,117.1,75%,0.67,0.23,0.08,0.09,83,76,28,10,11
NcSlasher,omen,(1) 6%,26,1.24,237.0,1.16,147.2,81%,0.85,0.58,0.04,0.04,22,19,15,1,1
NcSlasher,kayo,(1) 6%,21,1.31,251.0,1.20,163.1,76%,0.86,0.52,0.14,0.10,18,15,11,3,2
NcSlasher,deadlock,(1) 6%,21,0.94,151.0,0.73,98.8,67%,0.52,0.10,0.14,0.14,11,15,2,3,3
UdoTan,cypher,(6) 60%,113,0.92,189.8,0.86,127.1,65%,0.67,0.24,0.05,0.08,76,88,27,6,9
UdoTan,killjoy,(2) 20%,44,1.01,202.5,1.00,148.7,80%,0.68,0.18,0.16,0.20,30,30,8,7,9
UdoTan,iso,(2) 20%,42,1.39,304.5,1.42,205.5,74%,1.05,0.19,0.17,0.17,44,31,8,7,7
SugarZ3ro,omen,(9) 75%,188,0.97,173.4,0.95,108.2,72%,0.65,0.32,0.08,0.05,123,130,61,15,9
SugarZ3ro,astra,(1) 8%,24,1.11,181.0,1.31,121.3,75%,0.71,0.33,0.00,0.08,17,13,8,0,2
SugarZ3ro,viper,(1) 8%,23,1.23,221.0,1.33,151.3,74%,0.87,0.26,0.00,0.04,20,15,6,0,1
SugarZ3ro,brimstone,(1) 8%,20,1.37,218.0,1.50,147.1,75%,0.90,0.15,0.00,0.05,18,12,3,0,1
f0rsakeN,omen,(5) 26%,93,1.26,233.8,1.45,140.2,84%,0.87,0.52,0.14,0.09,81,56,48,13,8
f0rsakeN,neon,(4) 21%,78,1.16,234.3,1.10,149.1,74%,0.82,0.32,0.23,0.17,64,58,25,18,13
f0rsakeN,waylay,(3) 16%,66,1.02,238.7,1.08,157.7,64%,0.85,0.15,0.15,0.32,56,52,10,10,21
f0rsakeN,fade,(3) 16%,62,0.84,173.0,0.89,113.0,73%,0.63,0.39,0.15,0.21,39,44,24,9,13
f0rsakeN,vyse,(2) 11%,51,0.78,163.5,0.83,108.1,59%,0.59,0.24,0.04,0.16,30,36,12,2,8
f0rsakeN,yoru,(2) 11%,39,0.93,218.0,0.97,140.1,67%,0.77,0.18,0.23,0.18,30,31,7,9,7
xffero,viper,(6) 38%,127,1.14,213.8,1.32,138.9,76%,0.77,0.27,0.09,0.05,98,74,34,11,6
xffero,cypher,(4) 25%,86,0.86,156.8,0.91,111.5,72%,0.58,0.26,0.07,0.09,50,55,22,6,8
xffero,vyse,(3) 19%,65,0.86,183.3,0.90,123.6,77%,0.69,0.25,0.08,0.05,45,50,16,5,3
xffero,killjoy,(2) 13%,40,1.27,229.5,1.48,166.7,75%,0.85,0.10,0.13,0.10,34,23,4,5,4
xffero,astra,(1) 6%,23,1.37,234.0,1.40,160.3,78%,0.91,0.35,0.09,0.04,21,15,8,2,1
Francis,tejo,(8) 50%,169,1.15,216.0,1.19,139.3,73%,0.77,0.20,0.12,0.06,130,109,34,20,10
Francis,kayo,(2) 13%,41,0.69,161.5,0.60,116.8,73%,0.51,0.49,0.10,0.15,21,35,20,4,6
Francis,breach,(2) 13%,41,0.60,131.5,0.53,84.2,68%,0.44,0.39,0.07,0.15,18,34,16,3,6
Francis,fade,(2) 13%,40,1.20,225.5,1.24,146.5,65%,0.78,0.30,0.10,0.10,31,25,12,4,4
Francis,harbor,(1) 6%,22,0.71,150.0,0.63,107.9,59%,0.45,0.27,0.00,0.14,10,16,6,0,3
Francis,sova,(1) 6%,20,1.89,265.0,3.50,178.0,95%,1.05,0.20,0.10,0.00,21,6,4,2,0
crazyguy,tejo,(11) 38%,218,0.92,184.1,0.89,124.1,74%,0.61,0.31,0.07,0.06,133,150,68,16,13
crazyguy,breach,(7) 24%,151,1.03,194.0,1.05,129.5,74%,0.68,0.32,0.09,0.07,102,97,49,13,10
crazyguy,sova,(6) 21%,163,1.20,252.0,1.29,164.1,75%,0.88,0.21,0.16,0.09,144,112,35,26,15
crazyguy,omen,(2) 7%,50,1.36,250.0,1.47,162.8,74%,0.88,0.46,0.08,0.02,44,30,23,4,1
crazyguy,fade,(2) 7%,49,1.00,208.5,0.92,139.9,65%,0.67,0.35,0.16,0.18,33,36,17,8,9
crazyguy,gekko,(1) 3%,14,0.74,123.0,0.75,72.4,71%,0.43,0.36,0.14,0.21,6,8,5,2,3
Ivy,kayo,(5) 23%,90,1.16,187.6,1.29,126.5,83%,0.64,0.53,0.07,0.07,58,45,48,6,6
Ivy,vyse,(4) 18%,77,0.97,185.3,1.09,118.0,70%,0.65,0.32,0.08,0.09,50,46,25,6,7
Ivy,breach,(4) 18%,73,1.33,203.8,1.58,136.8,89%,0.78,0.53,0.04,0.07,57,36,39,3,5
Ivy,fade,(3) 14%,72,1.17,224.0,1.18,159.5,76%,0.83,0.29,0.07,0.08,60,51,21,5,6
Ivy,gekko,(2) 9%,48,0.81,182.0,0.86,118.9,73%,0.67,0.29,0.08,0.06,32,37,14,4,3
Ivy,viper,(2) 9%,36,1.25,270.5,1.48,171.8,81%,0.94,0.31,0.08,0.03,34,23,11,3,1
Ivy,cypher,(1) 5%,24,0.81,163.0,0.78,101.3,75%,0.58,0.13,0.04,0.08,14,18,3,1,2
Ivy,skye,(1) 5%,13,1.50,150.0,4.00,101.8,92%,0.62,0.69,0.00,0.00,8,2,9,0,0
PatMen,fade,(8) 44%,170,1.04,195.9,0.97,124.6,81%,0.64,0.45,0.04,0.06,108,111,76,7,10
PatMen,breach,(6) 33%,125,0.97,178.3,0.91,119.7,66%,0.63,0.42,0.06,0.06,79,87,53,7,7
PatMen,kayo,(4) 22%,86,1.24,247.0,1.24,162.1,78%,0.84,0.58,0.05,0.05,72,58,50,4,4
iZu,cypher,(13) 27%,258,1.09,194.5,1.22,124.5,75%,0.74,0.24,0.08,0.09,190,156,61,20,22
iZu,yoru,(11) 22%,249,1.16,225.4,1.23,139.2,71%,0.79,0.24,0.14,0.13,197,160,60,34,33
iZu,tejo,(8) 16%,176,0.98,173.1,1.06,112.6,73%,0.66,0.13,0.05,0.06,116,109,22,9,11
iZu,viper,(6) 12%,138,0.97,197.2,0.96,133.0,68%,0.67,0.29,0.08,0.10,93,97,40,11,14
iZu,sova,(5) 10%,101,0.91,178.8,0.81,126.1,74%,0.63,0.25,0.06,0.08,64,79,25,6,8
iZu,fade,(4) 8%,82,1.12,186.5,1.16,118.4,79%,0.70,0.23,0.06,0.04,57,49,19,5,3
iZu,gekko,(2) 4%,49,0.90,163.0,0.90,111.8,76%,0.57,0.24,0.04,0.04,28,31,12,2,2
BeYN,breach,(7) 23%,154,1.09,168.4,1.06,107.5,78%,0.58,0.44,0.06,0.06,90,85,68,10,9
BeYN,fade,(6) 20%,126,0.81,140.3,0.74,92.6,71%,0.48,0.35,0.03,0.04,60,81,44,4,5
BeYN,cypher,(4) 13%,98,1.22,201.0,1.25,134.2,71%,0.72,0.29,0.13,0.07,71,57,28,13,7
BeYN,sova,(4) 13%,83,1.30,210.5,1.39,138.9,78%,0.77,0.31,0.07,0.06,64,46,26,6,5
BeYN,tejo,(3) 10%,68,0.83,174.3,0.73,123.3,74%,0.56,0.26,0.10,0.07,38,52,18,7,5
BeYN,omen,(3) 10%,67,0.98,194.7,0.92,120.8,70%,0.66,0.43,0.10,0.06,44,48,29,7,4
BeYN,killjoy,(2) 7%,34,0.85,179.0,0.84,103.6,74%,0.62,0.09,0.03,0.09,21,25,3,1,3
BeYN,kayo,(1) 3%,26,0.77,133.0,0.58,87.0,77%,0.42,0.62,0.00,0.08,11,19,16,0,2
BerserX,killjoy,(7) 44%,150,0.95,185.9,1.02,122.1,75%,0.66,0.20,0.11,0.07,99,97,30,16,10
BerserX,cypher,(3) 19%,82,0.97,180.0,1.00,120.5,70%,0.65,0.17,0.05,0.09,53,53,14,4,7
BerserX,vyse,(3) 19%,59,1.14,203.0,1.22,131.8,76%,0.75,0.32,0.17,0.08,44,36,19,10,5
BerserX,viper,(3) 19%,53,1.08,228.7,1.05,150.3,70%,0.75,0.17,0.06,0.08,40,38,9,3,4
something,yoru,(6) 32%,116,0.99,184.5,1.06,115.5,74%,0.65,0.27,0.20,0.14,75,71,31,23,16
something,breach,(5) 26%,101,0.89,167.2,0.80,111.4,67%,0.58,0.36,0.06,0.08,59,74,36,6,8
something,jett,(4) 21%,90,1.24,242.0,1.35,148.9,74%,0.86,0.18,0.19,0.14,77,57,16,17,13
something,brimstone,(2) 11%,37,0.76,148.0,0.53,116.8,68%,0.46,0.59,0.03,0.08,17,32,22,1,3
something,sova,(1) 5%,23,1.44,242.0,1.67,151.5,74%,0.87,0.26,0.09,0.17,20,12,6,2,4
something,tejo,(1) 5%,22,0.76,179.0,0.74,131.1,64%,0.64,0.14,0.00,0.09,14,19,3,0,2
BuZz,raze,(24) 49%,531,1.07,244.9,1.10,157.8,72%,0.82,0.20,0.20,0.15,433,393,104,104,82
BuZz,yoru,(11) 22%,217,1.07,240.6,1.18,155.0,66%,0.86,0.19,0.14,0.16,187,159,42,31,34
BuZz,neon,(8) 16%,177,0.90,199.5,0.88,123.2,68%,0.67,0.29,0.15,0.19,118,134,52,26,33
BuZz,chamber,(3) 6%,68,0.93,195.3,1.06,125.9,60%,0.75,0.04,0.12,0.10,51,48,3,8,7
BuZz,jett,(3) 6%,60,0.87,218.0,0.86,144.6,72%,0.72,0.13,0.17,0.22,43,50,8,10,13
Persia,omen,(10) 63%,201,1.03,184.1,0.93,121.0,72%,0.61,0.38,0.09,0.06,123,132,76,19,12
Persia,astra,(4) 25%,90,0.96,156.0,0.98,100.2,73%,0.59,0.33,0.09,0.06,53,54,30,8,5
Persia,viper,(1) 6%,23,0.64,107.0,0.59,80.1,52%,0.43,0.22,0.04,0.04,10,17,5,1,1
Persia,brimstone,(1) 6%,19,1.08,209.0,0.93,130.9,84%,0.74,0.63,0.05,0.05,14,15,12,1,1
JessieVash,sova,(5) 38%,110,1.07,199.8,1.03,142.1,72%,0.68,0.29,0.05,0.05,75,73,32,5,5
JessieVash,tejo,(3) 23%,55,0.70,131.7,0.56,98.9,62%,0.42,0.18,0.05,0.09,23,41,10,3,5
JessieVash,cypher,(2) 15%,45,1.12,215.5,1.13,141.5,64%,0.80,0.16,0.11,0.07,36,32,7,5,3
JessieVash,fade,(2) 15%,38,1.09,183.5,1.04,125.3,74%,0.68,0.29,0.03,0.08,26,25,11,1,3
JessieVash,killjoy,(1) 8%,23,0.95,181.0,1.00,111.1,74%,0.70,0.09,0.00,0.13,16,16,2,0,3
Killua,breach,(9) 30%,188,1.09,195.9,1.07,126.6,72%,0.70,0.45,0.06,0.06,131,122,84,12,12
Killua,tejo,(6) 20%,120,0.96,168.5,0.97,121.5,73%,0.62,0.24,0.07,0.04,74,76,29,8,5
Killua,vyse,(5) 17%,108,0.97,186.6,0.96,132.1,69%,0.69,0.20,0.08,0.09,74,77,22,9,10
Killua,gekko,(4) 13%,67,1.42,278.0,1.82,173.5,82%,1.03,0.27,0.10,0.06,69,38,18,7,4
Killua,fade,(2) 7%,41,1.09,217.0,1.03,136.8,61%,0.78,0.34,0.05,0.07,32,31,14,2,3
Killua,yoru,(2) 7%,40,0.90,190.5,1.00,131.1,68%,0.70,0.08,0.20,0.10,28,28,3,8,4
Killua,iso,(1) 3%,20,1.33,298.0,1.62,194.3,75%,1.05,0.25,0.20,0.05,21,13,5,4,1
Killua,killjoy,(1) 3%,19,0.97,201.0,0.87,126.3,58%,0.68,0.05,0.16,0.16,13,15,1,3,3
Famouz,neon,(7) 44%,152,0.93,214.1,1.01,138.3,74%,0.76,0.22,0.21,0.22,116,115,34,32,33
Famouz,yoru,(5) 31%,106,0.89,211.8,0.94,139.0,66%,0.75,0.19,0.14,0.17,80,85,20,15,18
Famouz,jett,(2) 13%,44,1.13,253.5,1.40,166.1,68%,0.95,0.14,0.20,0.18,42,30,6,9,8
Famouz,phoenix,(2) 13%,42,1.29,294.0,1.39,176.1,76%,1.02,0.26,0.24,0.19,43,31,11,10,8
Monyet,omen,(8) 50%,160,0.95,165.1,0.89,106.2,78%,0.57,0.49,0.08,0.08,91,102,78,13,13
Monyet,yoru,(2) 13%,50,0.88,199.5,0.97,139.4,66%,0.70,0.16,0.10,0.16,35,36,8,5,8
Monyet,neon,(2) 13%,47,0.91,205.5,1.03,124.3,62%,0.79,0.13,0.21,0.21,37,36,6,10,10
Monyet,astra,(2) 13%,44,1.09,197.5,1.26,125.4,80%,0.77,0.30,0.14,0.02,34,27,13,6,1
Monyet,viper,(2) 13%,40,1.08,185.0,1.16,130.1,73%,0.73,0.43,0.05,0.03,29,25,17,2,1
free1ng,tejo,(24) 75%,515,1.03,202.9,1.09,133.5,73%,0.72,0.24,0.10,0.09,369,340,123,49,48
free1ng,yoru,(3) 9%,68,0.79,156.7,0.71,99.0,68%,0.53,0.21,0.09,0.13,36,51,14,6,9
free1ng,killjoy,(2) 6%,54,1.16,218.5,1.24,142.6,69%,0.76,0.09,0.20,0.17,41,33,5,11,9
free1ng,cypher,(2) 6%,42,0.76,152.0,0.82,99.4,60%,0.55,0.19,0.14,0.10,23,28,8,6,4
free1ng,vyse,(1) 3%,16,2.06,413.0,4.33,255.0,81%,1.63,0.13,0.19,0.00,26,6,2,3,0
CLZ,tejo,(8) 67%,172,0.86,168.1,0.73,117.6,67%,0.54,0.26,0.07,0.05,93,128,44,12,9
CLZ,sova,(4) 33%,83,1.19,198.0,1.29,144.0,70%,0.75,0.16,0.08,0.02,62,48,13,7,2
Dambi,neon,(11) 69%,225,1.08,236.0,1.16,149.1,71%,0.82,0.27,0.16,0.17,184,158,60,36,38
Dambi,waylay,(3) 19%,63,0.48,112.3,0.45,73.3,54%,0.33,0.17,0.06,0.27,21,47,11,4,17
Dambi,jett,(1) 6%,23,0.94,239.0,0.86,147.2,65%,0.83,0.26,0.22,0.04,19,22,6,5,1
Dambi,yoru,(1) 6%,22,1.01,201.0,1.07,133.9,68%,0.73,0.18,0.18,0.23,16,15,4,4,5
Meteor,iso,(15) 31%,297,1.05,218.8,1.10,145.6,70%,0.78,0.21,0.17,0.12,233,212,62,50,37
Meteor,vyse,(11) 22%,242,1.08,241.5,1.16,157.3,70%,0.83,0.21,0.14,0.12,202,174,51,34,30
Meteor,killjoy,(7) 14%,151,0.96,206.9,0.99,142.7,68%,0.75,0.16,0.12,0.13,113,114,24,18,19
Meteor,viper,(6) 12%,134,1.04,232.8,1.04,153.0,75%,0.79,0.32,0.16,0.07,106,102,43,21,10
Meteor,reyna,(4) 8%,92,0.81,193.5,0.86,132.1,67%,0.67,0.20,0.12,0.23,62,72,18,11,21
Meteor,tejo,(2) 4%,43,0.85,189.0,0.76,131.6,58%,0.60,0.19,0.02,0.07,26,34,8,1,3
Meteor,cypher,(2) 4%,38,0.67,149.0,0.69,106.1,61%,0.53,0.13,0.08,0.24,20,29,5,3,9
Meteor,yoru,(1) 2%,32,0.77,160.0,0.71,116.6,63%,0.53,0.25,0.09,0.09,17,24,8,3,3
Meteor,chamber,(1) 2%,24,0.69,152.0,0.72,97.7,54%,0.54,0.13,0.13,0.17,13,18,3,3,4
stax,sova,(18) 37%,373,0.99,169.6,1.00,120.9,74%,0.61,0.27,0.04,0.05,229,229,99,15,19
stax,breach,(10) 20%,216,0.89,161.5,0.82,108.3,71%,0.56,0.46,0.03,0.05,120,147,99,7,10
stax,kayo,(10) 20%,211,1.06,195.4,1.03,132.0,73%,0.73,0.46,0.05,0.06,154,149,97,10,12
stax,fade,(9) 18%,205,0.97,164.6,0.99,114.2,67%,0.62,0.24,0.04,0.06,128,129,49,9,12
stax,skye,(1) 2%,24,1.12,221.0,1.06,131.1,75%,0.75,0.42,0.08,0.08,18,17,10,2,2
stax,tejo,(1) 2%,24,1.12,214.0,1.20,138.0,83%,0.75,0.25,0.08,0.04,18,15,6,2,1
gyen,astra,(5) 45%,116,0.94,179.0,0.80,122.7,68%,0.60,0.41,0.07,0.07,70,88,47,8,8
gyen,viper,(3) 27%,51,0.84,182.3,0.79,113.5,59%,0.65,0.12,0.12,0.08,33,42,6,6,4
gyen,brimstone,(2) 18%,38,1.01,207.0,0.90,138.5,71%,0.74,0.34,0.05,0.21,28,31,13,2,8
gyen,omen,(1) 9%,20,1.14,232.0,0.50,151.1,60%,0.40,0.50,0.05,0.10,8,16,10,1,2
TenTen,yoru,(14) 50%,283,0.93,207.5,0.98,132.4,67%,0.73,0.22,0.16,0.21,207,212,63,46,60
TenTen,neon,(8) 29%,180,1.01,212.5,1.00,139.1,75%,0.74,0.28,0.14,0.16,133,133,51,25,28
TenTen,raze,(5) 18%,107,1.20,263.6,1.29,169.1,73%,0.92,0.16,0.20,0.14,98,76,17,21,15
TenTen,jett,(1) 4%,19,0.69,133.0,0.62,109.9,63%,0.42,0.21,0.16,0.21,8,13,4,3,4
d4v41,vyse,(8) 42%,159,1.00,193.1,1.21,123.5,81%,0.75,0.30,0.09,0.05,120,99,47,15,8
d4v41,tejo,(4) 21%,84,0.83,165.0,0.84,114.0,80%,0.58,0.26,0.08,0.05,49,58,22,7,4
d4v41,astra,(2) 11%,51,1.06,189.0,1.13,130.6,71%,0.71,0.25,0.04,0.06,36,32,13,2,3
d4v41,killjoy,(2) 11%,37,0.69,148.0,0.72,105.9,70%,0.57,0.14,0.11,0.19,21,29,5,4,7
d4v41,kayo,(1) 5%,23,0.59,112.0,0.47,68.8,70%,0.35,0.61,0.00,0.04,8,17,14,0,1
d4v41,viper,(1) 5%,18,1.54,284.0,1.90,185.7,83%,1.06,0.39,0.17,0.06,19,10,7,3,1
d4v41,cypher,(1) 5%,17,0.93,261.0,0.88,160.9,71%,0.88,0.18,0.06,0.06,15,17,3,1,1
Depyro,breach,(7) 39%,145,1.16,200.1,1.20,128.8,82%,0.70,0.57,0.06,0.03,102,85,82,8,4
Depyro,fade,(3) 17%,62,0.74,160.0,0.71,106.0,76%,0.56,0.40,0.06,0.05,35,49,25,4,3
Depyro,sage,(3) 17%,51,1.43,257.3,1.78,152.1,84%,0.94,0.49,0.16,0.02,48,27,25,8,1
Depyro,tejo,(2) 11%,49,0.74,137.5,0.61,93.5,69%,0.45,0.29,0.08,0.08,22,36,14,4,4
Depyro,phoenix,(2) 11%,32,1.46,268.5,2.07,187.5,84%,0.97,0.41,0.19,0.03,31,15,13,6,1
Depyro,sova,(1) 6%,17,1.26,143.0,1.83,108.2,82%,0.65,0.29,0.00,0.12,11,6,5,0,2
Jremy,yoru,(4) 31%,75,1.20,258.3,1.28,168.9,81%,0.99,0.25,0.15,0.17,74,58,19,11,13
Jremy,iso,(3) 23%,72,0.94,211.0,0.93,133.3,78%,0.71,0.29,0.15,0.14,51,55,21,11,10
Jremy,waylay,(2) 15%,47,0.87,212.5,0.86,143.9,57%,0.68,0.21,0.13,0.21,32,37,10,6,10
Jremy,neon,(2) 15%,37,0.62,143.0,0.57,91.1,57%,0.46,0.11,0.14,0.24,17,30,4,5,9
Jremy,raze,(1) 8%,21,0.50,149.0,0.58,106.3,71%,0.52,0.19,0.14,0.24,11,19,4,3,5
Jremy,jett,(1) 8%,19,0.62,87.0,0.58,55.2,53%,0.37,0.00,0.05,0.11,7,12,0,1,2
Shiro,sova,(8) 50%,183,1.01,203.5,1.00,134.6,69%,0.68,0.29,0.08,0.08,124,124,53,15,15
Shiro,tejo,(7) 44%,138,0.75,158.1,0.72,111.2,67%,0.55,0.23,0.09,0.07,76,105,32,12,9
Shiro,kayo,(1) 6%,23,1.36,267.0,1.33,177.8,87%,0.87,0.39,0.22,0.00,20,15,9,5,0
thyy,omen,(11) 48%,227,0.88,160.5,0.84,105.3,76%,0.57,0.42,0.04,0.06,129,153,96,10,13
thyy,astra,(5) 22%,96,0.87,179.2,0.81,120.1,63%,0.66,0.29,0.05,0.03,63,78,28,5,3
thyy,brimstone,(4) 17%,80,1.26,234.8,1.29,139.3,78%,0.83,0.46,0.04,0.04,66,51,37,3,3
thyy,viper,(3) 13%,55,1.03,201.7,1.00,139.3,73%,0.69,0.31,0.09,0.04,38,38,17,5,2
JitBoyS,cypher,(13) 65%,258,0.90,185.5,0.94,123.1,69%,0.65,0.18,0.13,0.16,168,178,47,33,41
JitBoyS,deadlock,(2) 10%,40,1.16,222.0,1.19,145.8,73%,0.80,0.23,0.08,0.13,32,27,9,3,5
JitBoyS,vyse,(2) 10%,39,0.70,167.5,0.65,118.7,67%,0.56,0.26,0.13,0.18,22,34,10,5,7
JitBoyS,killjoy,(2) 10%,36,0.95,189.0,0.96,134.3,67%,0.69,0.08,0.17,0.11,25,26,3,6,4
JitBoyS,harbor,(1) 5%,19,0.82,170.0,0.65,115.4,74%,0.58,0.26,0.00,0.00,11,17,5,0,0
Sylvan,omen,(22) 59%,457,0.94,172.4,0.91,111.8,73%,0.60,0.51,0.06,0.07,276,304,232,27,33
Sylvan,brimstone,(7) 19%,148,1.07,192.7,0.93,120.5,81%,0.59,0.82,0.08,0.06,88,95,121,12,9
Sylvan,astra,(4) 11%,94,1.14,219.0,1.14,133.9,76%,0.78,0.45,0.07,0.03,73,64,42,7,3
Sylvan,viper,(4) 11%,87,0.78,185.8,0.73,124.4,66%,0.59,0.39,0.07,0.13,51,70,34,6,11
Xdll,breach,(7) 58%,148,0.91,195.0,0.91,123.9,68%,0.70,0.26,0.09,0.08,104,114,38,13,12
Xdll,iso,(4) 33%,83,0.88,220.3,0.85,146.6,70%,0.73,0.23,0.18,0.11,61,72,19,15,9
Xdll,vyse,(1) 8%,24,0.73,160.0,0.76,101.0,63%,0.54,0.08,0.13,0.13,13,17,2,3,3
kellyS,deadlock,(3) 30%,57,0.83,174.7,0.74,106.4,68%,0.60,0.25,0.09,0.11,34,46,14,5,6
kellyS,breach,(3) 30%,56,0.86,180.7,0.76,118.8,61%,0.61,0.52,0.04,0.04,34,45,29,2,2
kellyS,vyse,(2) 20%,44,0.91,183.5,0.90,129.7,64%,0.61,0.30,0.00,0.07,27,30,13,0,3
kellyS,cypher,(2) 20%,42,0.91,195.5,0.91,128.5,67%,0.69,0.24,0.10,0.17,29,32,10,4,7
mindfreak,viper,(3) 50%,66,0.95,168.0,0.93,111.5,65%,0.59,0.20,0.02,0.06,39,42,13,1,4
mindfreak,cypher,(1) 17%,22,0.62,145.0,0.69,95.0,59%,0.50,0.18,0.14,0.14,11,16,4,3,3
mindfreak,vyse,(1) 17%,19,1.23,246.0,1.42,180.1,68%,0.89,0.05,0.16,0.00,17,12,1,3,0
mindfreak,omen,(1) 17%,17,0.40,96.0,0.25,74.9,53%,0.24,0.47,0.00,0.12,4,16,8,0,2
Meiy,raze,(4) 36%,68,0.77,169.0,0.71,107.2,60%,0.60,0.06,0.09,0.15,41,58,4,6,10
Meiy,jett,(3) 27%,64,0.99,205.3,0.96,128.1,66%,0.73,0.13,0.11,0.14,47,49,8,7,9
Meiy,yoru,(2) 18%,52,0.89,180.5,0.92,125.0,63%,0.65,0.15,0.08,0.15,34,37,8,4,8
Meiy,neon,(2) 18%,41,0.99,220.0,1.06,143.4,68%,0.88,0.17,0.07,0.07,36,34,7,3,3
Crws,tejo,(10) 50%,197,0.93,181.0,0.88,125.7,68%,0.62,0.23,0.07,0.10,123,139,45,14,20
Crws,sova,(5) 25%,95,0.87,165.2,0.81,118.7,57%,0.55,0.20,0.05,0.09,52,64,19,5,9
Crws,deadlock,(4) 20%,84,1.00,197.8,1.07,122.1,74%,0.70,0.29,0.11,0.11,59,55,24,9,9
Crws,fade,(1) 5%,16,0.23,56.0,0.14,42.3,44%,0.13,0.19,0.00,0.13,2,14,3,0,2
Estrella,breach,(5) 33%,120,0.75,133.4,0.70,86.8,73%,0.47,0.38,0.04,0.05,56,80,46,5,6
Estrella,viper,(2) 13%,54,0.86,145.5,0.71,93.7,69%,0.46,0.33,0.06,0.06,25,35,18,3,3
Estrella,kayo,(2) 13%,39,0.61,131.5,0.57,87.9,72%,0.41,0.41,0.03,0.10,16,28,16,1,4
Estrella,vyse,(2) 13%,37,1.08,219.5,1.32,129.1,78%,0.78,0.16,0.14,0.08,29,22,6,5,3
Estrella,cypher,(1) 7%,26,0.99,213.0,1.05,135.7,81%,0.77,0.38,0.12,0.08,20,19,10,3,2
Estrella,omen,(1) 7%,23,1.33,252.0,1.47,167.0,78%,0.96,0.35,0.09,0.04,22,15,8,2,1
Estrella,killjoy,(1) 7%,21,0.84,170.0,0.92,118.0,76%,0.57,0.10,0.00,0.19,12,13,2,0,4
Estrella,harbor,(1) 7%,17,0.64,144.0,0.75,74.3,65%,0.53,0.35,0.06,0.12,9,12,6,1,2
Deryeon,jett,(2) 50%,38,0.61,170.5,0.59,116.6,68%,0.53,0.21,0.13,0.16,20,34,8,5,6
Deryeon,yoru,(1) 25%,22,1.04,236.0,0.94,147.4,68%,0.73,0.32,0.27,0.09,16,17,7,6,2
Deryeon,raze,(1) 25%,18,0.96,253.0,0.82,146.9,72%,0.78,0.22,0.22,0.17,14,17,4,4,3
2GE,omen,(5) 38%,110,0.73,140.2,0.59,88.0,64%,0.44,0.40,0.05,0.13,48,81,44,6,14
2GE,viper,(4) 31%,83,0.91,191.8,0.89,136.6,70%,0.67,0.27,0.01,0.10,56,63,22,1,8
2GE,astra,(3) 23%,63,0.91,186.0,0.95,113.7,71%,0.65,0.41,0.11,0.10,41,43,26,7,6
2GE,brimstone,(1) 8%,15,0.47,123.0,0.33,86.1,33%,0.33,0.33,0.00,0.00,5,15,5,0,0
Wild0reoo,chamber,(3) 23%,63,0.79,174.3,0.89,112.2,67%,0.63,0.16,0.16,0.16,40,45,10,10,10
Wild0reoo,tejo,(2) 15%,45,1.06,233.0,1.03,161.5,69%,0.82,0.13,0.07,0.09,37,36,6,3,4
Wild0reoo,raze,(2) 15%,38,1.00,226.0,0.94,145.4,63%,0.79,0.16,0.18,0.16,30,32,6,7,6
Wild0reoo,breach,(2) 15%,37,0.78,144.5,0.66,95.7,59%,0.51,0.30,0.00,0.08,19,29,11,0,3
Wild0reoo,yoru,(1) 8%,28,0.99,224.0,1.05,143.6,68%,0.79,0.14,0.14,0.18,22,21,4,4,5
Wild0reoo,gekko,(1) 8%,23,0.57,131.0,0.61,89.4,65%,0.48,0.09,0.09,0.13,11,18,2,2,3
Wild0reoo,cypher,(1) 8%,19,0.43,122.0,0.39,87.7,53%,0.37,0.16,0.05,0.11,7,18,3,1,2
Wild0reoo,jett,(1) 8%,18,0.91,205.0,1.00,127.4,83%,0.72,0.17,0.28,0.22,13,13,3,5,4
Jinboong,vyse,(7) 64%,141,0.83,166.0,0.76,115.1,65%,0.57,0.16,0.07,0.09,81,106,22,10,13
Jinboong,fade,(3) 27%,64,0.77,133.7,0.63,95.2,56%,0.45,0.31,0.05,0.17,29,46,20,3,11
Jinboong,viper,(1) 9%,20,0.61,168.0,0.65,134.1,55%,0.55,0.30,0.05,0.25,11,17,6,1,5
Suggest,killjoy,(2) 40%,49,0.71,153.0,0.81,117.7,69%,0.59,0.16,0.10,0.06,29,36,8,5,3
Suggest,cypher,(2) 40%,40,0.38,120.0,0.53,92.6,53%,0.45,0.03,0.03,0.18,18,34,1,1,7
Suggest,vyse,(1) 20%,23,1.02,215.0,1.31,127.9,78%,0.74,0.17,0.17,0.13,17,13,4,4,3
Art,tejo,(4) 36%,84,0.82,164.3,0.70,105.2,65%,0.55,0.27,0.06,0.15,46,66,23,5,13
Art,omen,(3) 27%,51,0.43,115.0,0.39,79.8,57%,0.33,0.22,0.06,0.18,17,44,11,3,9
Art,sova,(2) 18%,52,0.60,150.5,0.54,108.6,60%,0.42,0.33,0.02,0.08,22,41,17,1,4
Art,breach,(2) 18%,38,0.39,95.0,0.29,61.0,61%,0.24,0.47,0.00,0.05,9,31,18,0,2
SyouTa,vyse,(5) 42%,103,0.92,175.2,0.93,114.2,68%,0.62,0.18,0.10,0.08,64,69,19,10,8
SyouTa,viper,(4) 33%,88,0.81,180.0,0.79,115.2,60%,0.61,0.23,0.10,0.05,54,68,20,9,4
SyouTa,cypher,(2) 17%,40,0.50,115.5,0.51,86.0,45%,0.45,0.13,0.10,0.08,18,35,5,4,3
SyouTa,killjoy,(1) 8%,24,0.64,127.0,0.61,93.3,58%,0.46,0.17,0.13,0.13,11,18,4,3,3
patrickWHO,yoru,(3) 50%,58,0.49,152.3,0.52,100.7,55%,0.47,0.17,0.16,0.24,27,52,10,9,14
patrickWHO,jett,(2) 33%,40,0.50,119.5,0.52,84.1,63%,0.40,0.08,0.23,0.15,16,31,3,9,6
patrickWHO,raze,(1) 17%,23,0.79,220.0,0.71,148.1,65%,0.65,0.35,0.04,0.13,15,21,8,1,3
marteen,yoru,(7) 58%,143,1.31,263.6,1.49,174.4,73%,0.94,0.22,0.19,0.13,134,90,32,27,19
marteen,omen,(3) 25%,64,1.29,237.3,1.41,148.4,77%,0.81,0.30,0.14,0.14,52,37,19,9,9
marteen,jett,(2) 17%,45,1.06,216.5,1.09,143.0,67%,0.80,0.11,0.13,0.07,36,33,5,6,3
MiniBoo,yoru,(6) 40%,111,1.25,256.7,1.46,162.3,75%,0.92,0.27,0.14,0.06,102,70,30,15,7
MiniBoo,raze,(4) 27%,82,1.07,231.5,1.06,151.0,65%,0.82,0.17,0.17,0.15,67,63,14,14,12
MiniBoo,neon,(4) 27%,82,1.20,259.5,1.40,170.2,77%,0.94,0.12,0.29,0.16,77,55,10,24,13
MiniBoo,waylay,(1) 7%,18,0.94,229.0,1.00,141.0,61%,0.78,0.06,0.28,0.28,14,14,1,5,5
Wo0t,iso,(6) 40%,118,1.28,257.3,1.37,164.7,73%,0.92,0.21,0.19,0.08,108,79,25,23,10
Wo0t,tejo,(5) 33%,102,1.10,212.6,1.22,136.3,78%,0.77,0.29,0.06,0.09,79,65,30,6,9
Wo0t,jett,(1) 7%,21,0.97,212.0,1.13,122.9,76%,0.81,0.05,0.29,0.05,17,15,1,6,1
Wo0t,kayo,(1) 7%,18,0.55,135.0,0.50,90.7,61%,0.44,0.39,0.06,0.22,8,16,7,1,4
Wo0t,astra,(1) 7%,17,1.18,236.0,0.92,166.4,71%,0.71,0.59,0.00,0.18,12,13,10,0,3
Wo0t,chamber,(1) 7%,17,1.01,250.0,0.87,166.2,71%,0.76,0.29,0.24,0.06,13,15,5,4,1
nAts,cypher,(14) 52%,281,1.15,221.2,1.31,142.5,72%,0.82,0.17,0.11,0.09,230,175,48,31,25
nAts,viper,(9) 33%,191,1.08,233.7,1.13,148.8,70%,0.80,0.25,0.11,0.13,152,135,48,21,24
nAts,fade,(2) 7%,36,0.89,147.5,0.95,102.1,72%,0.56,0.31,0.08,0.11,20,21,11,3,4
nAts,vyse,(1) 4%,20,1.26,278.0,1.54,173.9,80%,1.00,0.25,0.15,0.00,20,13,5,3,0
nAts,chamber,(1) 4%,19,1.00,175.0,1.08,123.4,63%,0.68,0.00,0.11,0.26,13,12,0,2,5
Keiko,omen,(12) 44%,242,1.20,215.9,1.24,144.0,79%,0.81,0.35,0.09,0.07,197,159,85,21,18
Keiko,raze,(5) 19%,116,1.25,272.4,1.33,179.1,78%,0.97,0.17,0.15,0.09,112,84,20,17,10
Keiko,brimstone,(5) 19%,95,1.28,235.4,1.30,155.5,80%,0.86,0.37,0.09,0.03,82,63,35,9,3
Keiko,reyna,(2) 7%,36,1.20,234.0,1.35,144.9,75%,0.86,0.19,0.19,0.14,31,23,7,7,5
Keiko,jett,(1) 4%,22,0.53,161.0,0.52,104.2,64%,0.50,0.18,0.27,0.14,11,21,4,6,3
Keiko,astra,(1) 4%,19,0.88,146.0,0.71,88.5,68%,0.53,0.32,0.00,0.00,10,14,6,0,0
Keiko,iso,(1) 4%,17,1.00,235.0,1.08,149.9,53%,0.82,0.06,0.00,0.12,14,13,1,0,2
kaajak,yoru,(8) 57%,190,1.17,238.5,1.28,155.6,75%,0.85,0.22,0.17,0.12,161,126,42,33,22
kaajak,raze,(5) 36%,97,1.24,263.2,1.37,171.5,72%,0.92,0.11,0.21,0.15,89,65,11,20,15
kaajak,neon,(1) 7%,24,0.62,143.0,0.68,95.7,46%,0.54,0.17,0.21,0.21,13,19,4,5,5
RieNs,sova,(9) 60%,167,1.02,192.6,1.07,125.5,82%,0.66,0.29,0.10,0.05,111,104,48,17,9
RieNs,fade,(3) 20%,62,1.09,211.3,1.05,142.7,77%,0.73,0.37,0.10,0.10,45,43,23,6,6
RieNs,breach,(2) 13%,44,1.52,265.0,1.63,165.4,89%,1.00,0.80,0.02,0.02,44,27,35,1,1
RieNs,skye,(1) 7%,20,0.76,173.0,0.82,98.6,55%,0.70,0.20,0.00,0.10,14,17,4,0,2
SUYGETSU,omen,(5) 42%,102,1.17,193.6,1.27,134.1,80%,0.74,0.32,0.07,0.04,75,59,33,7,4
SUYGETSU,astra,(4) 33%,86,1.20,225.5,1.33,143.8,81%,0.84,0.36,0.10,0.06,72,54,31,9,5
SUYGETSU,viper,(3) 25%,64,1.00,166.0,1.21,109.2,72%,0.64,0.16,0.05,0.19,41,34,10,3,12
sociablEE,tejo,(8) 57%,206,1.22,225.6,1.35,150.7,73%,0.84,0.19,0.11,0.06,173,128,39,22,12
sociablEE,sova,(3) 21%,48,1.26,234.3,1.38,160.2,73%,0.83,0.33,0.06,0.04,40,29,16,3,2
sociablEE,chamber,(2) 14%,43,0.84,172.0,0.97,113.3,74%,0.67,0.09,0.09,0.07,29,30,4,4,3
sociablEE,fade,(1) 7%,17,0.69,171.0,0.67,113.5,59%,0.59,0.24,0.06,0.06,10,15,4,1,1
crashies,fade,(9) 64%,200,1.13,194.4,1.22,127.8,72%,0.70,0.37,0.05,0.07,139,114,74,9,13
crashies,sova,(3) 21%,64,1.14,207.0,1.17,139.8,75%,0.75,0.22,0.05,0.06,48,41,14,3,4
crashies,tejo,(2) 14%,47,0.98,194.5,0.97,131.5,74%,0.68,0.17,0.06,0.04,32,33,8,3,2
Ruxic,omen,(8) 57%,153,1.09,222.3,1.10,138.3,79%,0.76,0.40,0.13,0.07,117,106,61,20,11
Ruxic,brimstone,(3) 21%,69,1.13,223.0,1.13,147.1,78%,0.77,0.35,0.09,0.13,53,47,24,6,9
Ruxic,astra,(2) 14%,41,1.15,193.0,1.16,132.7,73%,0.71,0.29,0.02,0.12,29,25,12,1,5
Ruxic,viper,(1) 7%,24,0.92,154.0,1.08,101.2,79%,0.54,0.29,0.04,0.04,13,12,7,1,1
kamyk,breach,(8) 29%,192,1.12,217.1,1.12,148.4,76%,0.82,0.28,0.04,0.07,157,140,54,8,13
kamyk,tejo,(7) 25%,134,0.85,171.4,0.82,116.8,69%,0.59,0.22,0.06,0.07,79,96,29,8,10
kamyk,sova,(3) 11%,66,0.85,162.3,0.78,110.5,73%,0.53,0.27,0.06,0.06,35,45,18,4,4
kamyk,kayo,(3) 11%,61,1.19,224.0,1.14,147.9,72%,0.79,0.56,0.08,0.08,48,42,34,5,5
kamyk,astra,(2) 7%,57,1.08,200.0,1.17,127.8,77%,0.74,0.33,0.07,0.05,42,36,19,4,3
kamyk,clove,(2) 7%,36,0.98,217.5,1.03,134.1,75%,0.83,0.31,0.14,0.08,30,29,11,5,3
kamyk,gekko,(2) 7%,34,1.20,222.0,1.32,147.6,82%,0.85,0.12,0.03,0.09,29,22,4,1,3
kamyk,fade,(1) 4%,17,0.81,173.0,0.71,108.9,53%,0.59,0.12,0.06,0.12,10,14,2,1,2
MrFaliN,breach,(6) 43%,128,1.22,194.3,1.14,120.0,77%,0.71,0.47,0.05,0.06,91,80,60,7,8
MrFaliN,tejo,(4) 29%,88,0.78,181.8,0.73,112.2,61%,0.58,0.31,0.13,0.09,51,70,27,11,8
MrFaliN,sova,(3) 21%,95,1.27,243.0,1.11,176.3,68%,0.74,0.46,0.13,0.07,70,63,44,12,7
MrFaliN,skye,(1) 7%,22,0.76,143.0,0.64,96.9,64%,0.41,0.32,0.05,0.18,9,14,7,1,4
MAGNUM,cypher,(7) 50%,144,1.14,219.9,1.14,137.4,77%,0.72,0.30,0.10,0.05,103,90,43,15,7
MAGNUM,killjoy,(2) 14%,46,0.95,202.5,1.14,130.9,72%,0.72,0.13,0.15,0.07,33,29,6,7,3
MAGNUM,vyse,(2) 14%,43,1.19,238.0,1.28,147.9,74%,0.86,0.33,0.12,0.12,37,29,14,5,5
MAGNUM,fade,(1) 7%,48,1.20,226.0,1.15,149.7,81%,0.79,0.50,0.06,0.10,38,33,24,3,5
MAGNUM,kayo,(1) 7%,17,0.69,173.0,0.67,105.4,59%,0.59,0.35,0.06,0.24,10,15,6,1,4
MAGNUM,viper,(1) 7%,16,0.59,105.0,0.54,59.2,56%,0.44,0.25,0.06,0.06,7,13,4,1,1
Shao,astra,(4) 29%,73,1.07,206.8,1.08,141.1,75%,0.74,0.23,0.08,0.01,54,50,17,6,1
Shao,breach,(3) 21%,69,0.90,147.0,0.79,96.6,75%,0.49,0.51,0.00,0.03,34,43,35,0,2
Shao,tejo,(3) 21%,63,1.40,241.3,1.60,164.9,78%,0.89,0.17,0.03,0.05,56,35,11,2,3
Shao,sova,(3) 21%,58,0.99,163.7,1.00,121.9,72%,0.62,0.19,0.07,0.03,36,36,11,4,2
Shao,gekko,(1) 7%,24,0.86,151.0,0.87,111.1,79%,0.54,0.25,0.04,0.13,13,15,6,1,3
florescent,yoru,(9) 75%,182,1.07,238.3,1.09,150.1,70%,0.86,0.21,0.17,0.12,156,143,38,31,22
florescent,raze,(1) 8%,30,1.18,238.0,1.25,168.7,60%,0.83,0.17,0.07,0.20,25,20,5,2,6
florescent,neon,(1) 8%,24,1.45,288.0,1.73,174.2,71%,1.08,0.21,0.25,0.25,26,15,5,6,6
florescent,waylay,(1) 8%,19,0.45,158.0,0.53,111.6,47%,0.47,0.16,0.11,0.32,9,17,3,2,6
CyvOph,breach,(11) 35%,230,1.18,218.2,1.14,138.8,74%,0.81,0.46,0.09,0.07,186,163,105,21,15
CyvOph,omen,(7) 23%,149,1.10,218.6,1.16,129.6,76%,0.77,0.41,0.07,0.10,114,98,61,10,15
CyvOph,kayo,(7) 23%,132,1.28,235.7,1.26,150.5,81%,0.85,0.58,0.11,0.07,112,89,77,14,9
CyvOph,iso,(2) 6%,46,0.98,204.0,0.94,123.9,59%,0.70,0.24,0.11,0.07,32,34,11,5,3
CyvOph,killjoy,(2) 6%,43,0.98,180.0,0.91,114.5,67%,0.67,0.07,0.02,0.09,29,32,3,1,4
CyvOph,tejo,(1) 3%,28,0.98,214.0,1.00,149.9,75%,0.79,0.21,0.04,0.07,22,22,6,1,2
CyvOph,phoenix,(1) 3%,19,0.79,179.0,0.65,125.1,68%,0.58,0.37,0.00,0.21,11,17,7,0,4
Minny,cypher,(5) 38%,123,1.09,208.2,1.09,144.2,72%,0.76,0.21,0.12,0.11,93,85,26,15,14
Minny,killjoy,(4) 31%,76,0.84,150.0,0.81,104.5,63%,0.57,0.05,0.05,0.03,43,53,4,4,2
Minny,viper,(3) 23%,69,1.26,218.7,1.27,138.5,72%,0.75,0.22,0.09,0.07,52,41,15,6,5
Minny,vyse,(1) 8%,17,0.76,182.0,0.67,129.6,47%,0.59,0.18,0.06,0.06,10,15,3,1,1
kamo,yoru,(7) 26%,155,1.05,207.0,1.11,141.2,70%,0.75,0.17,0.10,0.15,117,105,26,16,24
kamo,jett,(6) 22%,128,1.01,216.2,1.15,138.1,73%,0.79,0.10,0.19,0.17,101,88,13,24,22
kamo,raze,(6) 22%,111,1.10,239.3,1.16,162.1,74%,0.80,0.23,0.13,0.14,89,77,25,14,15
kamo,waylay,(4) 15%,74,1.15,265.5,1.30,155.1,74%,0.93,0.18,0.27,0.14,69,53,13,20,10
kamo,neon,(3) 11%,57,0.75,187.3,0.75,122.2,53%,0.63,0.12,0.21,0.19,36,48,7,12,11
kamo,gekko,(1) 4%,22,0.84,160.0,0.81,116.0,59%,0.59,0.09,0.05,0.05,13,16,2,1,1
koalanoob,raze,(7) 50%,141,1.10,245.9,1.11,149.0,74%,0.80,0.14,0.26,0.11,113,102,20,36,16
koalanoob,yoru,(5) 36%,99,0.93,197.8,0.93,129.0,68%,0.72,0.21,0.17,0.16,71,76,21,17,16
koalanoob,omen,(1) 7%,24,1.57,285.0,1.85,181.5,92%,1.00,0.46,0.29,0.13,24,13,11,7,3
koalanoob,chamber,(1) 7%,23,0.74,121.0,0.69,95.1,57%,0.48,0.17,0.04,0.17,11,16,4,1,4
Boo,omen,(10) 67%,197,1.04,166.4,1.03,107.5,77%,0.60,0.37,0.08,0.07,119,116,73,15,14
Boo,astra,(3) 20%,58,0.79,131.7,0.66,88.1,59%,0.47,0.47,0.07,0.12,27,41,27,4,7
Boo,viper,(2) 13%,38,1.07,160.5,1.11,101.5,79%,0.55,0.34,0.11,0.00,21,19,13,4,0
Avez,fade,(6) 50%,117,1.05,202.3,1.05,127.1,75%,0.67,0.35,0.05,0.07,78,74,41,6,8
Avez,tejo,(4) 33%,85,1.18,223.5,1.28,138.6,72%,0.80,0.21,0.07,0.09,68,53,18,6,8
Avez,phoenix,(1) 8%,26,0.86,216.0,1.00,151.8,58%,0.77,0.15,0.08,0.19,20,20,4,2,5
Avez,raze,(1) 8%,24,0.68,173.0,0.78,123.1,71%,0.58,0.17,0.13,0.29,14,18,4,3,7
PROFEK,omen,(5) 36%,128,1.09,189.4,1.16,123.2,80%,0.70,0.45,0.08,0.05,89,77,58,10,6
PROFEK,astra,(5) 36%,101,0.99,193.6,0.97,126.4,76%,0.68,0.44,0.05,0.07,69,71,44,5,7
PROFEK,viper,(2) 14%,46,1.10,235.5,1.26,156.1,80%,0.85,0.17,0.11,0.07,39,31,8,5,3
PROFEK,brimstone,(1) 7%,23,1.22,210.0,1.31,134.9,74%,0.74,0.48,0.04,0.13,17,13,11,1,3
PROFEK,clove,(1) 7%,16,0.07,85.0,0.19,65.9,38%,0.19,0.19,0.06,0.19,3,16,3,1,3
LewN,jett,(8) 57%,197,1.07,236.9,1.19,160.1,72%,0.84,0.18,0.22,0.18,166,140,36,43,35
LewN,yoru,(5) 36%,101,0.96,207.6,1.01,136.7,68%,0.73,0.22,0.16,0.22,74,73,22,16,22
LewN,chamber,(1) 7%,16,0.95,248.0,0.93,174.8,69%,0.81,0.13,0.44,0.13,13,14,2,7,2
soulcas,tejo,(7) 64%,150,1.10,205.3,1.15,133.9,74%,0.77,0.19,0.10,0.04,116,101,28,15,6
soulcas,vyse,(3) 27%,58,0.74,144.0,0.56,103.5,66%,0.43,0.28,0.00,0.02,25,45,16,0,1
soulcas,killjoy,(1) 9%,22,1.33,228.0,1.36,149.5,82%,0.86,0.05,0.05,0.00,19,14,1,1,0
Chronicle,viper,(9) 64%,200,1.08,215.1,1.20,134.5,75%,0.76,0.27,0.11,0.11,151,126,53,22,21
Chronicle,cypher,(3) 21%,64,0.93,173.3,0.90,114.3,73%,0.55,0.20,0.13,0.08,35,39,13,8,5
Chronicle,breach,(1) 7%,24,0.95,172.0,0.81,115.2,67%,0.54,0.46,0.08,0.08,13,16,11,2,2
Chronicle,sova,(1) 7%,23,0.89,139.0,0.77,103.5,65%,0.43,0.30,0.00,0.09,10,13,7,0,2
ara,neon,(13) 45%,254,1.09,229.8,1.12,141.1,72%,0.83,0.17,0.17,0.16,211,189,43,42,40
ara,jett,(10) 34%,223,1.04,221.7,1.11,148.2,71%,0.81,0.13,0.19,0.13,180,162,29,42,28
ara,raze,(4) 14%,88,1.06,222.5,1.06,144.3,74%,0.76,0.19,0.22,0.11,67,63,17,19,10
ara,yoru,(2) 7%,37,0.62,151.5,0.58,109.8,65%,0.49,0.22,0.14,0.19,18,31,8,5,7
Kicks,breach,(12) 46%,264,0.90,151.5,0.84,100.6,75%,0.56,0.39,0.03,0.08,147,176,103,7,20
Kicks,omen,(7) 27%,150,0.96,180.4,0.94,115.5,74%,0.63,0.35,0.09,0.10,94,100,52,13,15
Kicks,skye,(4) 15%,91,1.08,205.5,1.15,131.1,70%,0.75,0.38,0.05,0.07,68,59,35,5,6
Kicks,kayo,(3) 12%,61,1.10,195.7,0.95,130.3,69%,0.69,0.48,0.02,0.18,42,44,29,1,11
xeus,jett,(6) 43%,152,0.92,234.2,0.99,143.0,64%,0.78,0.14,0.22,0.22,118,119,22,33,34
xeus,yoru,(3) 21%,64,1.15,245.7,1.33,149.5,66%,0.88,0.19,0.13,0.16,56,42,12,8,10
xeus,waylay,(3) 21%,61,0.89,239.0,0.98,142.6,62%,0.84,0.10,0.30,0.18,51,52,6,18,11
xeus,neon,(1) 7%,34,1.20,256.0,1.21,161.4,76%,0.85,0.24,0.15,0.15,29,24,8,5,5
xeus,chamber,(1) 7%,22,1.07,234.0,1.18,156.5,68%,0.91,0.09,0.14,0.09,20,17,2,3,2
hiro,cypher,(7) 50%,149,0.88,172.3,0.92,119.9,64%,0.65,0.16,0.07,0.11,97,106,24,11,17
hiro,killjoy,(3) 21%,65,0.97,200.3,1.09,129.0,68%,0.74,0.11,0.08,0.12,48,44,7,5,8
hiro,vyse,(3) 21%,50,1.19,213.0,1.28,135.1,62%,0.74,0.26,0.02,0.08,37,29,13,1,4
hiro,raze,(1) 7%,23,1.30,286.0,1.28,186.2,70%,1.00,0.35,0.17,0.04,23,18,8,4,1
yetujey,cypher,(8) 57%,171,0.98,175.9,1.01,119.8,70%,0.64,0.26,0.11,0.09,110,109,44,19,16
yetujey,killjoy,(2) 14%,72,1.02,177.5,1.02,130.7,60%,0.68,0.11,0.07,0.11,49,48,8,5,8
yetujey,viper,(2) 14%,43,0.99,190.0,0.97,123.2,60%,0.65,0.26,0.09,0.05,28,29,11,4,2
yetujey,deadlock,(1) 7%,24,1.54,267.0,1.44,163.9,79%,0.96,0.38,0.04,0.13,23,16,9,1,3
yetujey,tejo,(1) 7%,23,0.64,133.0,0.58,91.7,65%,0.48,0.30,0.00,0.09,11,19,7,0,2
Cloud,tejo,(7) 54%,142,1.03,209.3,1.05,140.6,75%,0.77,0.22,0.10,0.09,110,105,31,14,13
Cloud,sova,(3) 23%,65,1.10,220.3,1.21,137.1,75%,0.80,0.23,0.14,0.06,52,43,15,9,4
Cloud,fade,(2) 15%,36,1.12,223.5,0.97,149.8,67%,0.83,0.31,0.14,0.14,30,31,11,5,5
Cloud,yoru,(1) 8%,16,0.31,115.0,0.40,79.6,38%,0.38,0.25,0.06,0.25,6,15,4,1,4
westside,cypher,(8) 62%,165,0.96,186.3,0.98,121.2,64%,0.70,0.17,0.07,0.07,116,118,28,11,11
westside,vyse,(3) 23%,58,1.23,241.0,1.33,156.1,72%,0.91,0.22,0.12,0.05,53,40,13,7,3
westside,viper,(2) 15%,36,0.62,143.0,0.59,87.3,61%,0.47,0.19,0.03,0.17,17,29,7,1,6
Jamppi,breach,(7) 50%,144,1.07,183.0,1.12,115.0,75%,0.69,0.31,0.05,0.04,100,89,45,7,6
Jamppi,kayo,(3) 21%,94,0.82,170.0,0.77,102.4,70%,0.53,0.53,0.05,0.10,50,65,50,5,9
Jamppi,sova,(2) 14%,43,1.13,215.0,1.27,143.8,65%,0.77,0.12,0.07,0.14,33,26,5,3,6
Jamppi,tejo,(2) 14%,33,0.75,158.5,0.63,111.2,61%,0.52,0.30,0.06,0.06,17,27,10,2,2
AtaKaptan,omen,(9) 64%,209,0.93,181.3,0.87,117.6,73%,0.63,0.47,0.07,0.06,131,151,98,14,13
AtaKaptan,viper,(2) 14%,47,0.69,158.0,0.69,103.3,55%,0.57,0.17,0.09,0.04,27,39,8,4,2
AtaKaptan,astra,(2) 14%,43,1.26,206.0,1.27,126.4,81%,0.77,0.56,0.05,0.05,33,26,24,2,2
AtaKaptan,brimstone,(1) 7%,34,1.21,220.0,0.96,144.4,88%,0.68,0.82,0.12,0.12,23,24,28,4,4
MOLSI,breach,(8) 67%,167,0.97,191.0,0.91,124.1,72%,0.68,0.41,0.07,0.07,113,124,69,11,11
MOLSI,deadlock,(3) 25%,58,1.05,207.0,1.12,130.3,74%,0.79,0.22,0.05,0.14,46,41,13,3,8
MOLSI,viper,(1) 8%,30,0.95,184.0,1.00,124.5,63%,0.60,0.23,0.07,0.03,18,18,7,2,1
Alfajer,killjoy,(5) 36%,97,1.04,211.2,1.16,142.1,69%,0.81,0.11,0.07,0.09,79,68,11,7,9
Alfajer,raze,(4) 29%,103,1.10,233.5,1.24,152.3,72%,0.80,0.15,0.17,0.10,82,66,15,17,10
Alfajer,iso,(3) 21%,64,0.71,179.3,0.84,127.5,73%,0.66,0.20,0.08,0.13,42,50,13,5,8
Alfajer,cypher,(1) 7%,24,0.86,169.0,0.93,124.5,63%,0.58,0.21,0.08,0.04,14,15,5,2,1
Alfajer,vyse,(1) 7%,23,1.02,219.0,1.00,148.5,65%,0.78,0.17,0.22,0.13,18,18,4,5,3
Boaster,omen,(9) 64%,184,0.90,151.2,0.88,97.7,68%,0.53,0.38,0.07,0.08,98,112,70,13,14
Boaster,astra,(4) 29%,103,1.03,171.5,1.05,116.1,79%,0.61,0.39,0.08,0.09,63,60,40,8,9
Boaster,brimstone,(1) 7%,24,1.00,150.0,0.85,96.4,63%,0.46,0.38,0.13,0.04,11,13,9,3,1
benjyfishy,cypher,(7) 47%,132,0.97,182.1,1.05,116.4,78%,0.68,0.19,0.08,0.05,90,86,25,10,7
benjyfishy,vyse,(4) 27%,82,0.89,172.8,0.93,121.7,71%,0.62,0.28,0.06,0.06,51,55,23,5,5
benjyfishy,viper,(2) 13%,45,0.84,170.5,1.00,119.8,71%,0.64,0.22,0.07,0.09,29,29,10,3,4
benjyfishy,killjoy,(1) 7%,17,0.41,88.0,0.33,58.0,59%,0.29,0.24,0.06,0.18,5,15,4,1,3
benjyfishy,tejo,(1) 7%,17,0.88,201.0,0.80,134.6,65%,0.71,0.12,0.06,0.24,12,15,2,1,4
Derke,raze,(12) 46%,267,1.12,253.1,1.15,162.6,70%,0.87,0.18,0.21,0.20,231,201,47,56,54
Derke,yoru,(9) 35%,191,0.88,192.6,0.88,125.2,66%,0.64,0.23,0.22,0.21,123,140,44,42,40
Derke,jett,(3) 12%,67,1.21,247.0,1.23,164.2,58%,0.88,0.13,0.24,0.28,59,48,9,16,19
Derke,neon,(2) 8%,41,0.99,249.5,1.00,154.2,68%,0.85,0.12,0.17,0.24,35,35,5,7,10
paTiTek,breach,(8) 30%,165,0.91,162.6,0.90,105.3,66%,0.59,0.29,0.08,0.05,98,109,48,14,9
paTiTek,fade,(5) 19%,116,1.04,187.2,1.04,118.6,73%,0.63,0.33,0.14,0.05,73,70,38,16,6
paTiTek,tejo,(5) 19%,91,0.80,150.2,0.75,100.1,75%,0.49,0.36,0.10,0.02,45,60,33,9,2
paTiTek,kayo,(3) 11%,69,1.15,203.3,1.10,132.2,87%,0.64,0.59,0.09,0.03,44,40,41,6,2
paTiTek,viper,(2) 7%,36,0.87,128.5,0.85,103.1,69%,0.47,0.11,0.06,0.03,17,20,4,2,1
paTiTek,skye,(2) 7%,34,0.74,116.5,0.55,76.5,74%,0.35,0.56,0.06,0.09,12,22,19,2,3
paTiTek,vyse,(1) 4%,19,0.73,215.0,0.82,133.3,58%,0.74,0.16,0.05,0.11,14,17,3,1,2
paTiTek,sova,(1) 4%,17,0.49,95.0,0.36,74.7,47%,0.29,0.06,0.00,0.06,5,14,1,0,1
Less,viper,(15) 58%,323,1.11,213.0,1.16,135.7,70%,0.78,0.26,0.08,0.09,251,217,84,26,28
Less,cypher,(8) 31%,175,0.80,163.8,0.82,113.1,67%,0.58,0.22,0.04,0.10,102,124,38,7,18
Less,brimstone,(2) 8%,44,1.41,251.0,1.71,153.0,84%,0.93,0.41,0.02,0.09,41,24,18,1,4
Less,astra,(1) 4%,24,0.84,156.0,0.72,113.4,67%,0.54,0.46,0.00,0.13,13,18,11,0,3
Elite,vyse,(6) 50%,117,0.95,164.5,0.89,110.3,70%,0.56,0.30,0.05,0.09,65,73,35,6,10
Elite,killjoy,(3) 25%,64,1.36,241.0,1.56,163.0,81%,0.83,0.16,0.08,0.02,53,34,10,5,1
Elite,cypher,(2) 17%,47,0.49,103.5,0.43,64.2,70%,0.34,0.17,0.09,0.04,16,37,8,4,2
Elite,deadlock,(1) 8%,24,0.54,91.0,0.44,60.4,63%,0.33,0.29,0.04,0.08,8,18,7,1,2
qRaxs,fade,(8) 57%,158,0.82,169.6,0.83,107.6,73%,0.59,0.27,0.06,0.05,93,112,43,10,8
qRaxs,kayo,(5) 36%,153,1.08,189.0,1.05,121.6,78%,0.70,0.50,0.05,0.05,107,102,76,7,8
qRaxs,raze,(1) 7%,22,0.64,156.0,0.61,116.6,68%,0.50,0.32,0.14,0.23,11,18,7,3,5
Flickless,breach,(28) 74%,584,1.14,203.1,1.11,133.3,77%,0.74,0.41,0.06,0.07,430,388,241,34,39
Flickless,kayo,(7) 18%,157,0.97,176.1,0.88,118.1,69%,0.60,0.46,0.04,0.11,94,107,73,6,17
Flickless,fade,(3) 8%,58,1.33,255.3,1.36,165.2,78%,0.91,0.40,0.03,0.07,53,39,23,2,4
runneR,breach,(4) 40%,81,0.99,176.0,0.83,126.0,68%,0.62,0.46,0.04,0.10,50,60,37,3,8
runneR,omen,(2) 20%,42,1.11,173.5,1.26,115.0,71%,0.69,0.33,0.02,0.14,29,23,14,1,6
runneR,vyse,(2) 20%,36,0.60,146.0,0.45,101.8,64%,0.39,0.42,0.00,0.14,14,31,15,0,5
runneR,tejo,(2) 20%,36,0.83,197.0,0.70,132.8,69%,0.58,0.25,0.06,0.03,21,30,9,2,1
Filu,yoru,(6) 55%,119,0.85,186.3,0.83,115.0,62%,0.65,0.23,0.15,0.16,77,93,27,18,19
Filu,iso,(2) 18%,48,0.92,231.0,0.95,140.0,60%,0.79,0.15,0.13,0.15,38,40,7,6,7
Filu,raze,(2) 18%,44,0.96,215.5,0.94,138.8,66%,0.77,0.25,0.18,0.16,34,36,11,8,7
Filu,jett,(1) 9%,19,1.40,265.0,1.82,180.2,79%,1.05,0.16,0.21,0.11,20,11,3,4,2
K4DAVRA,omen,(6) 46%,136,0.94,178.7,0.87,117.4,74%,0.63,0.38,0.08,0.06,85,98,52,11,8
K4DAVRA,viper,(4) 31%,78,0.97,180.8,0.96,128.6,73%,0.64,0.32,0.12,0.13,50,52,25,9,10
K4DAVRA,brimstone,(2) 15%,56,0.84,179.0,0.78,114.7,75%,0.63,0.43,0.13,0.07,35,45,24,7,4
K4DAVRA,astra,(1) 8%,15,0.55,158.0,0.60,98.9,53%,0.60,0.13,0.00,0.13,9,15,2,0,2
Sayf,tejo,(15) 58%,332,0.87,168.6,0.87,112.7,70%,0.58,0.23,0.07,0.07,193,221,75,24,22
Sayf,vyse,(3) 12%,67,1.04,228.0,1.13,136.5,72%,0.78,0.30,0.06,0.04,52,46,20,4,3
Sayf,omen,(3) 12%,65,0.65,140.7,0.60,87.4,66%,0.48,0.32,0.09,0.09,31,52,21,6,6
Sayf,sova,(3) 12%,65,0.99,177.0,0.93,122.4,66%,0.65,0.28,0.02,0.08,42,45,18,1,5
Sayf,iso,(1) 4%,20,1.15,254.0,1.19,170.4,65%,0.95,0.15,0.10,0.15,19,16,3,2,3
Sayf,jett,(1) 4%,17,0.94,227.0,0.93,157.2,59%,0.76,0.00,0.12,0.06,13,14,0,2,1
sheydos,killjoy,(3) 27%,67,0.88,150.3,0.95,110.3,69%,0.54,0.13,0.04,0.12,36,38,9,3,8
sheydos,breach,(3) 27%,64,0.86,160.3,0.86,106.4,72%,0.58,0.22,0.02,0.02,37,43,14,1,1
sheydos,tejo,(2) 18%,41,1.02,189.5,0.97,127.8,63%,0.71,0.12,0.10,0.02,29,30,5,4,1
sheydos,fade,(1) 9%,22,1.07,151.0,0.86,113.5,73%,0.55,0.23,0.00,0.09,12,14,5,0,2
sheydos,sova,(1) 9%,19,1.21,244.0,1.38,152.4,63%,0.95,0.00,0.11,0.11,18,13,0,2,2
sheydos,chamber,(1) 9%,17,0.60,157.0,0.60,109.9,59%,0.53,0.06,0.00,0.18,9,15,1,0,3
purp0,omen,(6) 55%,122,0.85,160.7,0.72,110.6,68%,0.56,0.39,0.04,0.11,68,94,47,5,13
purp0,yoru,(1) 9%,22,0.56,148.0,0.59,102.9,59%,0.45,0.18,0.18,0.32,10,17,4,4,7
purp0,brimstone,(1) 9%,22,1.30,212.0,1.42,137.5,91%,0.77,0.64,0.05,0.00,17,12,14,1,0
purp0,astra,(1) 9%,20,0.96,161.0,0.81,105.2,70%,0.65,0.45,0.10,0.10,13,16,9,2,2
purp0,iso,(1) 9%,16,0.82,193.0,0.79,123.9,63%,0.69,0.13,0.06,0.31,11,14,2,1,5
purp0,raze,(1) 9%,15,0.97,226.0,0.85,147.6,53%,0.73,0.07,0.07,0.13,11,13,1,1,2
saadhak,harbor,(6) 50%,117,0.94,194.8,0.90,121.2,77%,0.65,0.41,0.14,0.18,76,84,48,16,21
saadhak,kayo,(3) 25%,64,0.92,182.7,0.83,116.8,73%,0.59,0.44,0.08,0.14,38,46,28,5,9
saadhak,sova,(2) 17%,50,0.95,173.5,0.79,125.8,70%,0.52,0.38,0.06,0.02,26,33,19,3,1
saadhak,breach,(1) 8%,21,0.59,150.0,0.61,98.2,67%,0.52,0.29,0.14,0.24,11,18,6,3,5
batujnax,viper,(6) 50%,124,0.91,193.8,0.86,124.2,70%,0.65,0.24,0.12,0.11,81,94,30,15,14
batujnax,cypher,(4) 33%,82,0.69,164.0,0.72,106.1,68%,0.56,0.26,0.06,0.12,46,64,21,5,10
batujnax,yoru,(1) 8%,30,1.32,250.0,1.29,158.7,73%,0.90,0.23,0.23,0.10,27,21,7,7,3
batujnax,killjoy,(1) 8%,19,0.76,184.0,0.87,119.3,63%,0.68,0.11,0.00,0.11,13,15,2,0,2
grubinho,omen,(5) 45%,105,0.77,137.2,0.65,96.9,69%,0.50,0.31,0.08,0.13,52,80,33,8,14
grubinho,viper,(3) 27%,67,0.96,169.3,0.87,111.2,70%,0.61,0.27,0.16,0.12,41,47,18,11,8
grubinho,astra,(2) 18%,36,0.75,130.5,0.67,83.3,72%,0.50,0.39,0.03,0.17,18,27,14,1,6
grubinho,brimstone,(1) 9%,22,1.11,235.0,1.06,152.3,59%,0.82,0.32,0.18,0.05,18,17,7,4,1
flyuh,sova,(4) 36%,84,0.94,211.8,0.85,147.3,76%,0.67,0.35,0.07,0.12,56,66,29,6,10
flyuh,viper,(3) 27%,64,1.02,214.0,0.98,130.9,73%,0.72,0.30,0.14,0.17,46,47,19,9,11
flyuh,cypher,(3) 27%,63,0.70,163.3,0.74,114.4,67%,0.59,0.13,0.10,0.13,37,50,8,6,8
flyuh,vyse,(1) 9%,19,0.29,108.0,0.28,81.5,53%,0.26,0.26,0.05,0.11,5,18,5,1,2
Zyppan,tejo,(8) 62%,186,0.83,165.6,0.82,117.3,72%,0.56,0.20,0.07,0.10,105,128,38,13,18
Zyppan,sova,(4) 31%,82,0.74,133.8,0.66,98.2,62%,0.50,0.23,0.05,0.16,41,62,19,4,13
Zyppan,omen,(1) 8%,17,0.51,97.0,0.29,67.5,59%,0.24,0.29,0.06,0.06,4,14,5,1,1
ANGE1,fade,(7) 50%,142,0.68,139.0,0.66,95.8,68%,0.49,0.25,0.08,0.13,69,105,35,11,19
ANGE1,vyse,(3) 21%,58,0.86,163.3,0.79,106.5,72%,0.53,0.26,0.07,0.05,31,39,15,4,3
ANGE1,sova,(2) 14%,41,0.85,176.5,0.83,123.4,68%,0.59,0.27,0.07,0.12,24,29,11,3,5
ANGE1,tejo,(1) 7%,24,0.92,171.0,0.87,119.1,67%,0.54,0.08,0.17,0.04,13,15,2,4,1
ANGE1,deadlock,(1) 7%,22,0.28,115.0,0.47,77.0,59%,0.41,0.14,0.05,0.27,9,19,3,1,6
tomaszy,yoru,(3) 38%,57,0.60,141.3,0.60,96.1,58%,0.49,0.21,0.11,0.21,28,47,12,6,12
tomaszy,omen,(3) 38%,53,0.49,120.7,0.40,76.1,62%,0.34,0.40,0.04,0.08,18,45,21,2,4
tomaszy,neon,(1) 13%,22,0.83,175.0,0.88,117.1,73%,0.64,0.27,0.18,0.27,14,16,6,4,6
tomaszy,raze,(1) 13%,21,0.98,207.0,1.00,148.0,57%,0.76,0.14,0.10,0.19,16,16,3,2,4
AvovA,omen,(10) 83%,206,0.91,168.8,0.78,109.5,71%,0.55,0.41,0.06,0.06,113,145,85,13,12
AvovA,astra,(1) 8%,30,0.77,159.0,0.73,102.1,70%,0.53,0.33,0.00,0.00,16,22,10,0,0
AvovA,viper,(1) 8%,19,0.79,157.0,0.60,104.1,53%,0.47,0.21,0.11,0.00,9,15,4,2,0
Serial,cypher,(13) 42%,290,1.09,189.8,1.17,138.7,76%,0.74,0.16,0.08,0.06,215,183,45,23,18
Serial,viper,(4) 13%,91,1.09,215.0,1.10,150.2,70%,0.76,0.24,0.09,0.11,69,63,22,8,10
Serial,astra,(4) 13%,76,0.85,143.5,0.79,102.9,74%,0.49,0.46,0.07,0.04,37,47,35,5,3
Serial,deadlock,(4) 13%,72,0.99,165.5,1.28,111.8,74%,0.69,0.31,0.08,0.08,50,39,22,6,6
Serial,tejo,(2) 6%,46,0.84,156.5,0.77,103.8,65%,0.52,0.28,0.09,0.09,24,31,13,4,4
Serial,killjoy,(2) 6%,41,0.80,167.0,0.72,124.5,54%,0.56,0.10,0.07,0.10,23,32,4,3,4
Serial,vyse,(2) 6%,39,1.42,258.5,1.79,171.4,85%,0.87,0.28,0.08,0.05,34,19,11,3,2
Governor,tejo,(7) 58%,143,0.60,141.7,0.62,97.9,58%,0.48,0.15,0.06,0.12,68,109,22,9,17
Governor,sova,(4) 33%,82,0.69,154.8,0.63,102.0,61%,0.50,0.24,0.10,0.13,41,65,20,8,11
Governor,fade,(1) 8%,30,0.77,131.0,0.62,87.7,70%,0.43,0.27,0.10,0.20,13,21,8,3,6
